url,label,http_status,is_active,has_redirect,error,url_length,hostname_length,path_length,query_length,domain_length,subdomain_length,tld_length,count_dot,count_hyphen,count_underline,count_slash,count_question,count_equal,count_at,count_and,count_exclamation,count_space,count_tilde,count_comma,count_plus,count_asterisk,count_hashtag,count_dollar,count_percent,count_digits,count_letters,count_special_chars,count_encoded_chars,count_subdomains,count_path_levels,count_query_params,has_ip_address,has_https,has_suspicious_tld,is_shortened,has_at_symbol,has_double_slash_in_path,has_sensitive_words,has_hex_encoding,has_port_in_url,has_query,has_fragment,ratio_digits_url,ratio_letters_url,ratio_special_chars_url,ratio_digits_hostname,ratio_digits_path,ratio_digits_query,entropy_url,entropy_hostname,entropy_path,entropy_query,entropy_domain,num_path_tokens,avg_path_token_length,max_path_token_length,num_domain_tokens,avg_domain_token_length,max_domain_token_length,num_hostname_tokens,avg_hostname_token_length,max_hostname_token_length,first_digit_index,first_letter_index,first_slash_index,last_slash_index,first_dot_index,last_dot_index,dns_a_presence,dns_a_count,dns_mx_presence,dns_mx_count,dns_txt_presence,dns_txt_count,dns_ns_presence,dns_ns_count,dns_spf_presence,dns_spf_count,dns_dkim_presence,dns_dkim_count,dns_dmarc_presence,dns_dmarc_count,dns_cname_presence,dns_cname_count,has_ssl,ssl_expiry_days,has_ssl_errors,has_mismatched_ssl,has_expired_ssl,has_self_signed_ssl,domain_age_days,time_to_expiration,redirect_count,final_url_diff,response_time,content_length,has_title,title_length,has_iframe,num_iframes,has_text_input,has_password_input,has_button,has_image,has_submit,has_link,num_links,num_images,num_scripts,has_javascript,has_favicon,num_a_tags,has_xss_protection,has_csp,has_hsts,has_x_frame_options,has_x_content_type_options,has_referrer_policy,has_feature_policy,has_cookie,has_http_only_cookie,has_secure_cookie
https://www.reddit.com,0,403,1,0,,22,14,0,0,6,3,3,2,0,0,2,0,0,0,0,0,0,0,0,0,0,0,0,0,0,17,5,0,1,0,0,0,1,0,0,0,0,0,0,0,0,0,0.0,0.7727272727272727,0.2272727272727272,0.0,0.0,0.0,3.7544418457133446,3.182005814760214,0.0,0.0,2.2516291673878226,0,0,0,1,6.0,6,3,4.0,6,-1,0,6,7,11,18,1,4,1,5,1,18,1,4,1,1,0,0,1,1,0,0,1,81,0,0,0,0,7342.0,327.0,0,0,0.3684360980987549,190240.0,0,0,0,0,0,0,0,0,0,0,0,0,0,0,0,0,1,0,1,1,1,0,0,1,0,1
https://www.google.com,0,200,1,0,,22,14,0,0,6,3,3,2,0,0,2,0,0,0,0,0,0,0,0,0,0,0,0,0,0,17,5,0,1,0,0,0,1,0,0,0,0,0,0,0,0,0,0.0,0.7727272727272727,0.2272727272727272,0.0,0.0,0.0,3.663532754804254,2.8423709931771093,0.0,0.0,1.9182958340544891,0,0,0,1,6.0,6,3,4.0,6,-1,0,6,7,11,18,1,6,1,1,1,12,1,4,1,1,0,0,1,1,0,0,1,59,0,0,0,0,10125.0,1196.0,0,0,0.5824520587921143,0.0,1,6,0,0,0,0,0,0,0,0,0,0,3,1,1,0,1,0,0,1,0,0,0,1,1,1
https://www.google.co.in,0,200,1,0,,24,16,0,0,6,3,5,3,0,0,2,0,0,0,0,0,0,0,0,0,0,0,0,0,0,18,6,0,1,0,0,0,1,0,0,0,0,0,0,0,0,0,0.0,0.75,0.25,0.0,0.0,0.0,3.740601562950723,2.98345859334435,0.0,0.0,1.9182958340544891,0,0,0,1,6.0,6,4,3.25,6,-1,0,6,7,11,21,1,1,1,1,1,1,1,4,1,1,0,0,1,1,0,0,1,59,0,0,0,0,8018.0,382.0,0,0,0.21659278869628906,0.0,1,6,0,0,0,0,0,0,0,0,0,0,3,1,1,0,1,0,0,1,0,0,0,1,1,1
https://www.youtube.com,0,200,1,0,,23,15,0,0,7,3,3,2,0,0,2,0,0,0,0,0,0,0,0,0,0,0,0,0,0,18,5,0,1,0,0,0,1,0,0,0,0,0,0,0,0,0,0.0,0.782608695652174,0.217391304347826,0.0,0.0,0.0,3.762267390651494,3.1898980954642866,0.0,0.0,2.5216406363433186,0,0,0,1,7.0,7,3,4.333333333333333,7,-1,0,6,7,11,19,1,4,1,1,1,3,1,4,1,1,0,0,1,1,0,0,1,59,0,0,0,0,7415.0,254.0,0,0,0.30587291717529297,0.0,1,7,0,0,0,0,0,0,0,0,0,0,12,1,1,0,1,1,1,1,1,0,0,1,1,1
https://www.facebook.com,0,400,1,0,,24,16,0,0,8,3,3,2,0,0,2,0,0,0,0,0,0,0,0,0,0,0,0,0,0,19,5,0,1,0,0,0,1,0,0,0,0,0,0,0,0,0,0.0,0.7916666666666666,0.2083333333333333,0.0,0.0,0.0,3.855388542207534,3.1556390622295662,0.0,0.0,2.75,0,0,0,1,8.0,8,3,4.666666666666667,8,-1,0,6,7,11,20,1,1,1,1,1,5,1,4,1,1,1,1,1,1,0,0,1,8,0,0,0,0,10295.0,3219.0,0,0,0.5943067073822021,838.0,0,0,0,0,0,0,0,0,0,0,0,0,0,0,0,0,1,1,1,1,1,0,0,0,0,0
https://www.google.co.jp,0,200,1,0,,24,16,0,0,6,3,5,3,0,0,2,0,0,0,0,0,0,0,0,0,0,0,0,0,0,18,6,0,1,0,0,0,1,0,0,0,0,0,0,0,0,0,0.0,0.75,0.25,0.0,0.0,0.0,3.6572682296173897,2.98345859334435,0.0,0.0,1.9182958340544891,0,0,0,1,6.0,6,4,3.25,6,-1,0,6,7,11,21,1,1,1,1,1,1,1,4,1,1,0,0,1,1,0,0,1,59,0,0,0,0,0.0,0.0,0,0,0.6737382411956787,0.0,1,6,0,0,0,0,0,0,0,0,0,0,3,1,1,0,1,0,0,1,0,0,0,1,1,1
https://www.amazon.com,0,200,1,0,,22,14,0,0,6,3,3,2,0,0,2,0,0,0,0,0,0,0,0,0,0,0,0,0,0,17,5,0,1,0,0,0,1,0,0,0,0,0,0,0,0,0,0.0,0.7727272727272727,0.2272727272727272,0.0,0.0,0.0,3.697845823084412,2.896291529045928,0.0,0.0,2.2516291673878226,0,0,0,1,6.0,6,3,4.0,6,-1,0,6,7,11,18,1,3,1,1,1,50,1,8,1,1,0,0,1,1,0,0,1,79,0,0,0,0,0.0,0.0,0,0,0.6958835124969482,0.0,0,0,0,0,0,0,0,0,0,0,0,0,0,0,0,0,0,0,1,0,0,0,0,0,0,0
https://www.tmall.com,0,200,1,0,,21,13,0,0,5,3,3,2,0,0,2,0,0,0,0,0,0,0,0,0,0,0,0,0,0,16,5,0,1,0,0,0,1,0,0,0,0,0,0,0,0,0,0.0,0.7619047619047619,0.238095238095238,0.0,0.0,0.0,3.558518613048906,2.873140679513133,0.0,0.0,1.9219280948873625,0,0,0,1,5.0,5,3,3.6666666666666665,5,-1,0,6,7,11,17,1,8,1,1,1,2,1,4,1,1,1,1,1,1,0,0,1,45,0,0,0,0,10093.0,862.0,0,0,1.0375316143035889,0.0,1,23,0,0,0,0,0,0,0,0,0,0,0,0,1,0,1,0,1,0,0,0,0,0,0,0
https://www.wikipedia.org,0,200,1,0,,25,17,0,0,9,3,3,2,0,0,2,0,0,0,0,0,0,0,0,0,0,0,0,0,0,20,5,0,1,0,0,0,1,0,0,0,0,0,0,0,0,0,0.0,0.8,0.2,0.0,0.0,0.0,3.813660689688185,3.219528282299548,0.0,0.0,2.6416041678685933,0,0,0,1,9.0,9,3,5.0,9,-1,0,6,7,11,21,1,1,1,2,1,3,1,3,1,1,0,0,1,1,0,0,1,36,0,0,0,0,8909.0,221.0,0,0,0.2967050075531006,22143.0,0,0,0,0,0,0,0,0,0,0,0,0,0,0,0,0,0,0,1,0,0,0,0,1,1,1
https://www.twitter.com,0,400,1,0,HTTP Error: 400 Got more than 8190 bytes (10078) when reading Header value is too long.,23,15,0,0,7,3,3,2,0,0,2,0,0,0,0,0,0,0,0,0,0,0,0,0,0,18,5,0,1,0,0,0,1,0,0,0,0,0,0,0,0,0,0.0,0.782608695652174,0.217391304347826,0.0,0.0,0.0,3.4970558484728045,2.9232314287976204,0.0,0.0,2.1280852788913944,0,0,0,1,7.0,7,3,4.333333333333333,7,-1,0,6,7,11,19,1,1,1,5,1,22,1,8,1,1,0,0,1,1,0,0,1,54,0,0,0,0,9267.0,229.0,0,0,0.0,0.0,0,0,0,0,0,0,0,0,0,0,0,0,0,0,0,0,0,0,0,0,0,0,0,0,0,0
https://www.taobao.com,0,200,1,0,,22,14,0,0,6,3,3,2,0,0,2,0,0,0,0,0,0,0,0,0,0,0,0,0,0,17,5,0,1,0,0,0,1,0,0,0,0,0,0,0,0,0,0.0,0.7727272727272727,0.2272727272727272,0.0,0.0,0.0,3.538310595615006,2.8423709931771093,0.0,0.0,1.9182958340544891,0,0,0,1,6.0,6,3,4.0,6,-1,0,6,7,11,18,1,8,1,1,1,5,1,4,1,1,1,1,1,1,0,0,1,45,0,0,0,0,8081.0,319.0,0,0,1.2572762966156006,0.0,1,2,0,0,0,0,0,0,0,0,0,0,1,1,1,0,1,0,1,0,0,0,0,0,0,0
https://www.yahoo.com,0,200,1,0,,21,13,0,0,5,3,3,2,0,0,2,0,0,0,0,0,0,0,0,0,0,0,0,0,0,16,5,0,1,0,0,0,1,0,0,0,0,0,0,0,0,0,0.0,0.7619047619047619,0.238095238095238,0.0,0.0,0.0,3.5585186130489057,2.8150724101159432,0.0,0.0,1.9219280948873625,0,0,0,1,5.0,5,3,3.6666666666666665,5,-1,0,6,7,11,17,1,6,1,3,1,11,1,5,1,1,0,0,1,1,0,0,1,48,0,0,0,0,11096.0,227.0,0,0,0.5333404541015625,0.0,1,71,0,0,0,0,0,0,0,0,0,0,44,1,1,0,0,1,1,0,0,1,0,1,0,1
https://www.qq.com,0,200,1,0,,18,10,0,0,2,3,3,2,0,0,2,0,0,0,0,0,0,0,0,0,0,0,0,0,0,13,5,0,1,0,0,0,1,0,0,0,0,0,0,0,0,0,0.0,0.7222222222222222,0.2777777777777778,0.0,0.0,0.0,3.4613201402110088,2.4464393446710155,0.0,0.0,-0.0,0,0,0,1,2.0,2,3,2.6666666666666665,3,-1,0,6,7,11,14,1,3,1,3,1,1,1,4,1,1,0,0,1,1,0,0,1,301,0,0,0,0,0.0,0.0,0,0,1.8194026947021484,26004.0,1,3,0,0,0,0,0,0,0,0,0,0,6,1,1,0,0,1,0,1,0,0,0,0,0,0
https://www.baidu.com,0,200,1,0,,21,13,0,0,5,3,3,2,0,0,2,0,0,0,0,0,0,0,0,0,0,0,0,0,0,16,5,0,1,0,0,0,1,0,0,0,0,0,0,0,0,0,0.0,0.7619047619047619,0.238095238095238,0.0,0.0,0.0,3.880179922675737,3.180832987205441,0.0,0.0,2.321928094887362,0,0,0,1,5.0,5,3,3.6666666666666665,5,-1,0,6,7,11,17,1,2,1,2,1,4,1,5,1,1,0,0,1,1,0,0,1,64,0,0,0,0,9369.0,1223.0,0,0,2.5735666751861572,0.0,1,9,0,0,0,0,0,0,0,0,0,0,0,0,1,0,1,0,1,0,0,0,0,1,0,1
